{
    "timesM": [
        0.00014493465423583984,
        0.00025005340576171874,
        0.0004900217056274414,
        0.000864720344543457,
        0.0018998384475708008,
        0.004308438301086426,
        0.009550333023071289,
        0.021512627601623535,
        0.04999964237213135,
        0.11041824817657471,
        0.26698429584503175,
        0.5420786619186402,
        1.1352542638778687,
        2.3552502632141112,
        5.183044815063477,
        10.583786654472352,
        23.093365573883055,
        48.681302189826965,
        103.61304068565369,
        278.02607760429385
    ],
    "timesC": [
        0.0006323099136352539,
        0.0015597105026245116,
        0.0029499292373657226,
        0.00586404800415039,
        0.013900852203369141,
        0.03181009292602539,
        0.06378555297851562,
        0.17030539512634277,
        0.3646751642227173,
        0.8547543525695801,
        1.7916800498962402,
        4.831041049957276,
        8.311834979057313,
        12.309812593460084,
        25.768193626403807,
        57.2570859670639,
        119.66406688690185,
        257.81346290111543,
        557.4392376661301,
        1222.1001611709594
    ],
    "memoryM": [
        112.0,
        176.0,
        206.4,
        188.0,
        216.0,
        296.6,
        696.8,
        696.1,
        741.8,
        729.3,
        1902.5,
        1316.1,
        1251.7,
        1525.6,
        1510.6,
        1675.5,
        1910.7,
        2290.7,
        2054.4,
        2082.8
    ],
    "memoryC": [
        1584.6,
        1496.0,
        1568.0,
        1994.1,
        2783.9,
        2941.1,
        2921.8,
        3272.4,
        5887.3,
        5806.6,
        5813.2,
        6001.3,
        5899.1,
        6416.5,
        6448.2,
        6562.8,
        6545.8,
        6558.9,
        6619.0,
        7239.5
    ]
}