{
    "timesM1": [
        0.0017151832580566406,
        0.0025463104248046875,
        0.006922483444213867,
        0.013328313827514648,
        0.01756429672241211,
        0.03308558464050293,
        0.05488300323486328,
        0.08363842964172363,
        0.10176253318786621,
        0.14676856994628906,
        0.20485973358154297,
        0.27051639556884766,
        0.35758018493652344,
        0.47223615646362305,
        0.6553804874420166,
        0.8045086860656738,
        0.9881775379180908,
        1.2379112243652344,
        1.5331189632415771,
        1.7520601749420166
    ],
    "timesC1": [
        0.002300739288330078,
        0.017218351364135742,
        0.05403494834899902,
        0.15114402770996094,
        0.3950941562652588,
        0.9133479595184326,
        1.900491714477539,
        3.654311180114746,
        6.7902209758758545,
        13.083693265914917,
        23.75275421142578,
        40.65276002883911,
        71.9457836151123,
        132.18955731391907,
        222.05672478675842,
        353.0642056465149,
        553.7934665679932,
        883.9883632659912,
        1374.4149639606476,
        2148.6597633361816
    ],
    "memoryM1": [
        0.819606,
        0.002045,
        0.003613,
        0.007421,
        0.009853,
        0.002133,
        0.003239,
        0.003167,
        0.003855,
        0.003727,
        0.004559,
        0.014705,
        0.023825,
        0.026042,
        0.028992,
        0.032823,
        0.036653,
        0.056311,
        0.044119,
        0.048279
    ],
    "memoryC1": [
        0.003193,
        0.005817,
        0.008803,
        0.008185,
        0.012342,
        0.027251,
        0.040702,
        0.045229,
        0.165705,
        0.194861,
        0.273925,
        0.317853,
        0.340597,
        0.370605,
        0.444291,
        0.524179,
        0.461621,
        0.699957,
        0.671293,
        0.727984
    ]
}