{
    "timesM": [
        1.581019115447998,
        2.0710108041763307,
        2.5913219451904297,
        3.159959554672241,
        3.6755247116088867,
        4.285185718536377,
        4.733826947212219,
        5.312821912765503,
        5.784150958061218,
        6.531450939178467,
        6.956920266151428,
        7.519394063949585,
        7.916515207290649,
        8.623498797416687,
        8.98356466293335,
        9.54059088230133,
        10.21472942829132,
        10.903326940536498,
        11.518802833557128,
        11.92189929485321
    ],
    "timesC": [
        6.4923159837722775,
        8.534836554527283,
        10.723613166809082,
        12.852232766151428,
        15.226298403739928,
        17.046834182739257,
        19.486735939979553,
        21.593353176116942,
        23.916220569610594,
        26.24818980693817,
        28.461815214157106,
        30.512568259239195,
        33.00689959526062,
        34.49066903591156,
        36.80034508705139,
        39.788771057128905,
        42.06868042945862,
        44.952501559257506,
        47.41596348285675,
        49.58986282348633
    ],
    "memoryM": [
        2173.8,
        1531.3,
        1569.5,
        1463.7,
        1517.7,
        1524.4,
        1591.0,
        1543.3,
        1637.8,
        1606.0,
        1658.5,
        1727.0,
        1734.4,
        1716.2,
        1804.2,
        1814.7,
        1965.5,
        1999.1,
        41883.2,
        1906.1
    ],
    "memoryC": [
        3127.7,
        2543.7,
        2581.2,
        2607.7,
        2625.2,
        2625.8,
        2624.4,
        2597.2,
        2614.7,
        2642.9,
        2648.0,
        2642.6,
        2660.4,
        2676.5,
        2659.4,
        2699.9,
        2721.9,
        2722.6,
        2734.3,
        2723.2
    ]
}