{
    "timesM": [
        1.391589617729187,
        1.793137550354004,
        2.381146025657654,
        2.6680334329605104,
        3.1024977684021,
        3.530247712135315,
        3.9341580390930178,
        4.540492725372315,
        5.216558933258057,
        6.004890561103821,
        6.985372591018677,
        7.210469031333924,
        7.578514289855957,
        7.672653245925903,
        8.359743309020995,
        8.86470980644226,
        9.284587836265564,
        10.247794938087463,
        10.73985424041748,
        16.31121430397034
    ],
    "timesC": [
        8.117122769355774,
        10.802856636047363,
        14.15661563873291,
        16.312890219688416,
        17.057050490379332,
        19.838299345970153,
        20.75627989768982,
        27.9603928565979,
        31.417398428916933,
        33.44506258964539,
        36.723123812675475,
        47.49849796295166,
        41.61456015110016,
        30.396638369560243,
        32.48742733001709,
        34.54489629268646,
        36.67846856117249,
        39.21504983901978,
        41.85892126560211,
        43.995725536346434
    ],
    "memoryM": [
        2918.5,
        1440.6,
        1423.5,
        1441.8,
        1415.2,
        1315.8,
        1241.6,
        1313.3,
        1295.6,
        1352.2,
        777.7,
        597.6,
        627.2,
        480.0,
        750.4,
        762.8,
        698.4,
        851.2,
        845.6,
        827.2
    ],
    "memoryC": [
        6872.8,
        6420.4,
        6444.1,
        6324.1,
        6114.0,
        6361.3,
        6398.2,
        6096.1,
        4434.4,
        4382.8,
        4425.2,
        4631.6,
        4514.8,
        4800.4,
        4839.6,
        4831.6,
        4855.6,
        6420.0,
        6349.6,
        6272.0
    ]
}