{
    "timesM1": [
        0.0003418922424316406,
        0.00030803680419921875,
        0.0006778240203857422,
        0.0015211105346679688,
        0.0032100677490234375,
        0.005403757095336914,
        0.00979757308959961,
        0.006569623947143555,
        0.008275032043457031,
        0.010998010635375977,
        0.015282154083251953,
        0.024755001068115234,
        0.027200698852539062,
        0.03210926055908203,
        0.03628277778625488,
        0.05129861831665039,
        0.05724358558654785,
        0.07065582275390625,
        0.07593870162963867,
        0.08910584449768066
    ],
    "timesC1": [
        0.000186920166015625,
        0.0012814998626708984,
        0.003175020217895508,
        0.013621330261230469,
        0.0222165584564209,
        0.04999518394470215,
        0.05143260955810547,
        0.06589365005493164,
        0.09833526611328125,
        0.14815545082092285,
        0.2527635097503662,
        0.3625004291534424,
        0.44385504722595215,
        0.5932776927947998,
        0.8361620903015137,
        1.04013991355896,
        1.2865331172943115,
        1.4860544204711914,
        1.9009811878204346,
        2.248785972595215
    ],
    "memoryM1": [
        0.000656,
        0.000696,
        0.000992,
        0.00036,
        0.00036,
        0.000712,
        0.000712,
        0.000864,
        0.00088,
        0.001016,
        0.00112,
        0.001072,
        0.001136,
        0.00124,
        0.001472,
        0.00116,
        0.001464,
        0.001544,
        0.001512,
        0.000992
    ],
    "memoryC1": [
        0.000864,
        0.001988,
        0.002624,
        0.006022,
        0.002944,
        0.015552,
        0.024091,
        0.031944,
        0.042496,
        0.058272,
        0.107664,
        0.13192,
        0.168976,
        0.230264,
        0.294264,
        0.366024,
        0.445976,
        0.535084,
        0.64128,
        0.7482
    ]
}