{
    "timesM1": [
        0.005045413970947266,
        0.008026599884033203,
        0.024077177047729492,
        0.04013419151306152,
        0.086944580078125,
        0.13946223258972168,
        0.2397937774658203,
        0.27356982231140137,
        0.41476917266845703,
        0.5698859691619873,
        0.7741882801055908,
        1.002270221710205,
        1.334644079208374,
        1.848447322845459,
        2.0828044414520264,
        2.649303674697876,
        3.227144479751587,
        4.054786205291748,
        4.885591506958008,
        5.9380879402160645,
        6.546944618225098,
        7.570571422576904,
        9.77055549621582,
        11.62874698638916,
        13.257232427597046
    ],
    "timesC1": [
        0.009029626846313477,
        0.03712606430053711,
        0.17724108695983887,
        0.4727659225463867,
        1.1590707302093506,
        2.4512362480163574,
        4.724926233291626,
        8.389208555221558,
        14.927862644195557,
        26.74827527999878,
        45.347678661346436,
        75.20849847793579,
        123.56918501853943,
        201.96922206878662,
        322.93870973587036,
        505.0273027420044,
        794.4732611179352,
        1183.6873636245728,
        1755.832286119461,
        4060.4306840896606,
        5913.041351556778,
        7039.082326889038,
        9715.807125091553,
        13396.93791103363,
        22351.568558692932
    ],
    "memoryM1": [
        8712,
        11705,
        15879,
        20845,
        25675,
        33865,
        43103,
        50365,
        58787,
        66937,
        86697,
        93705,
        104193,
        115705,
        126401,
        138177,
        151225,
        164201,
        178329,
        191201,
        206457,
        254761,
        266137,
        289073,
        322849
    ],
    "memoryC1": [
        7869,
        13953,
        22315,
        29866,
        46232,
        77818,
        110018,
        130546,
        299130,
        375162,
        681114,
        684626,
        830322,
        1111282,
        1388482,
        1698578,
        1991426,
        2483250,
        2869538,
        3274330,
        3622938,
        4594914,
        5365002,
        5851562,
        6579466
    ]
}